date,open,volume,high,low,average,
2016/11/16,183.93,3432668,182.65,184.73,181.21,
2016/01/21,199.97,3164424,201.55,203.23,195.02,
2016/05/11,208.96,5159640,207.59,215.48,206.05,
2016/05/11,208.96,5159640,207.59,215.48,206.05,2015/11/12,212.94,2913511,217.85,219,212.66,
2016/05/02,241.8,3838958,241.5,243.19,234.82,
2018/05/16,286.48,5669644,283.83,288.81,281.56,
2018/07/11,318.96,4878595,315.8,321.94,315.07,
2018/08/27,319.27,13062650,318,322.435,308.81,
2017/06/26,377.49,6596854,386.69,386.95,373.1,